branch_id,branch_name,branch_city,branch_type,specialization,customer_demographics,performance_notes
B001,Downtown Branch,Montréal,Corporate,"Technology and Investment Services","High-income professionals, tech workers, young entrepreneurs","Premier location serving tech district. Strong performance in investment products and premium services. Modern facilities with advanced digital banking options. Consistently exceeds targets."
B002,West Side Branch,Montréal,Community,"Small Business and Personal Banking","Small business owners, families, middle-class professionals","Community-focused branch with strong local relationships. Specializes in small business lending and family banking. Warm, personalized service approach. Steady performance with loyal customer base."
B003,East End Branch,Montréal,Industrial,"Construction and Trade Banking","Blue-collar workers, contractors, industrial clients","Serves industrial area with focus on construction and trade industries. Strong cash handling services and contractor financing. Practical, no-nonsense approach. Seasonal variations in activity."
B004,North Shore Branch,Laval,Suburban,"Family Banking and Mortgages","Young families, first-time homebuyers, suburban professionals","Family-oriented suburban location specializing in mortgages and education savings. Child-friendly environment with financial literacy programs. Growing rapidly with suburban development."
B005,South Bank Branch,Longueuil,Mixed,"Retirement and Wealth Management","Retirees, established professionals, wealth management clients","Mature clientele focused on retirement planning and wealth preservation. Conservative investment approach. Excellent customer service scores. Stable, profitable customer relationships."
B006,Central Plaza Branch,Gatineau,Commercial,"Government and Public Sector","Government employees, public sector workers, established professionals","Located near government district. Specializes in public sector banking needs. Pension and benefit administration expertise. Stable customer base with predictable income patterns."
B007,Metro Branch,Québec City,Urban,"Student and Young Professional Banking","Students, young professionals, startup entrepreneurs","Dynamic urban location near universities and business district. Focus on student loans, startup financing, and digital banking solutions. High growth potential customer segment."
B008,Harbor View Branch,Halifax,Maritime,"Marine and Tourism Banking","Maritime industry workers, tourism businesses, seasonal workers","Specialized in maritime industry and tourism banking. Understands seasonal business cycles. Strong commercial lending for boats and tourism operations. Weather-dependent business patterns."
B009,Mountain Branch,Calgary,Energy,"Oil and Gas Industry Banking","Energy sector workers, engineers, high-income professionals","Serves energy sector with specialized knowledge of industry cycles. High-value customers with variable income patterns. Strong performance during energy booms, challenged during downturns."
B010,Pacific Branch,Vancouver,International,"International and Investment Banking","International clients, real estate investors, high-net-worth individuals","Premium location serving international business community. Real estate investment focus. Multicultural staff and services. High transaction volumes and profitable operations."
